[
    {
        "id": "1",
        "nombre_departamento": "Ahuachapán",
        "Habitantes": "129750"
    },
    {
        "id": "2",
        "nombre_departamento": "Cabañas",
        "Habitantes": "149326"
    },
    {
        "id": "3",
        "nombre_departamento": "Chalatenango",
        "Habitantes": "274878"
    },
    {
        "id": "4",
        "nombre_departamento": "Cuscatlán",
        "Habitantes": "216446"
    },
    {
        "id": "5",
        "nombre_departamento": "La Libertad",
        "Habitantes": "843500"
    },
    {
        "id": "6",
        "nombre_departamento": "La paz",
        "Habitantes": "288022"
    },
    {
        "id": "7",
        "nombre_departamento": "La Unión",
        "Habitantes": "372271"
    },
    {
        "id": "8",
        "nombre_departamento": "Morazán",
        "Habitantes": "252500"
    },
    {
        "id": "9",
        "nombre_departamento": "San Miguel",
        "Habitantes": "520022"
    },
    {
        "id": "10",
        "nombre_departamento": "San Miguel",
        "Habitantes": "2557761"
    },
    {
        "id": "11",
        "nombre_departamento": "San Salvador",
        "Habitantes": "2557761"
    },
    {
        "id": "12",
        "nombre_departamento": "Santa Ana",
        "Habitantes": "631100"
    },
    {
        "id": "13",
        "nombre_departamento": "San Vicente",
        "Habitantes": "230205"
    },
    {
        "id": "14",
        "nombre_departamento": "Sonsonate",
        "Habitantes": "518522"
    },
    {
        "id": "15",
        "nombre_departamento": "Usulután",
        "Habitantes": "338332"
    }
]